Mc,eta,DL,M_tot,q,full_faith,snr,eta_full_bias,eta_stat_err,eta_max_lam,eta_min_faith
19.205406208806977,0.16424594431407968,1000.0,56.77102096293364,3.827138578525357,0.9915580993019839,466.95332354461806,0.0055995947985317904,4.306236718163352e-05,0.04862601580065353,0.9990727619504088
4.792363608096648,0.23253529992655114,1000.0,11.4989034515975,1.7185295188358087,0.9989994085817192,165.14723060693223,0.0009532367151606825,7.49523000448564e-05,0.2687156307025227,0.9985651014557152
49.072309828722105,0.24989360841467878,1000.0,112.76735959913832,1.0421275794602618,0.9915620633793066,1012.8367933743739,0.03417253725509369,0.00010619373989375511,0.03511191734215131,0.9986899957619412
0.0,0.0,0.0,0.0,0.0,0.0,0.0,0.0,0.0,0.0,0.0
38.3701717651723,0.15058780592200055,1000.0,119.48678063107008,4.414097034333108,0.9936783330182855,738.5799155759659,0.012610754537185201,5.342823004230126e-05,0.002032735201671712,0.9999970767673995
83.30669917732139,0.2491354892493911,1000.0,191.7867363321132,1.1249584524031575,0.9949515242494058,1489.5158653294206,0.06452183334623146,0.00016861668199355523,0.01830738280295368,0.9995554883772731
44.04762614414536,0.21804237579162766,1000.0,109.84946970034821,2.1130047659733777,0.9930029455459508,900.3773264967689,0.02493088598828908,8.468378172213429e-05,0.02750387840931946,0.9993046471897408
32.92241644696709,0.24828318506160438,1000.0,75.9492202325267,1.180713387624848,0.9922227444718632,750.4704954145037,0.019115708218274415,8.325522649170972e-05,0.052749970637026196,0.9978815593699408
24.392768839191547,0.1362130284068424,1000.0,80.67331644574224,5.147159744978615,0.9949572171312472,534.1052343602447,0.005630994951171211,3.753467450476406e-05,0.04132012400115335,0.9992494686682791
17.999702691992276,0.24850971761865287,1000.0,41.50107116511306,1.1673364762533445,0.9949903441854466,472.7346459232335,0.008362572369745027,7.040439880992158e-05,0.08596930867190788,0.9970995140991018
53.27682268246686,0.24064909774004567,1000.0,125.22982505898084,1.479544153688227,0.9944228646890442,1063.6305070480153,0.0369301893773688,0.00010856779110629144,0.02750387840931946,0.9991860495225904
56.95970673078886,0.20098319198253548,1000.0,149.16670652324123,2.5893419309452788,0.9934080983246345,1051.1883840941366,0.0329202428556082,9.522717136909668e-05,0.019860025325859117,0.9995862587927958
31.667269758094427,0.11626016368335872,1000.0,115.17336708378741,6.4462700530009505,0.9982621870931772,610.153730584446,0.0060260362398418255,3.677223768977945e-05,0.04132012400115335,0.9991832990167039
29.379678520336302,0.23274948210400465,1000.0,70.45532220409366,1.7125354747946624,0.9935692538945373,679.5651750556311,0.015194280738391347,7.36126101345859e-05,0.044824468792893084,0.9986775319725527
34.77663307375772,0.23980136708625066,1000.0,81.91747181052484,1.5061920554239623,0.9932448072348143,775.8929790542859,0.01986276800437148,8.208520208486377e-05,0.04132012400115335,0.9986668998952095
56.360742109584315,0.23976305278078408,1000.0,132.77225981603635,1.507382989409827,0.9948455234310023,1106.7568616765845,0.03990360129521075,0.00011326828567524365,0.025353644939701114,0.9992882093628106
33.1825397431412,0.16239424561889793,1000.0,98.75685285658587,3.9015449388109857,0.9912449965504894,683.9633994468145,0.011384975763206556,5.2475941628215825e-05,0.029836472402833374,0.9994104707001017
20.264530620214167,0.05620150812694366,1000.0,113.9955155325032,15.729542186625586,0.9946009898892346,393.5377187954122,0.0002547319221466284,1.356471337245348e-05,0.31622776601683794,0.9898383594109023
36.03440487336721,0.23558585898078294,1000.0,85.78825278453355,1.6319869500561714,0.9935248056642283,793.3474539668576,0.020482730987180557,8.19112186842745e-05,0.03808974636954072,0.9988417541982667
0.0,0.0,0.0,0.0,0.0,0.0,0.0,0.0,0.0,0.0,0.0
43.54265251303532,0.18605052422419815,1000.0,119.43630051510962,3.046655278028968,0.9911839056860298,853.4336746760704,0.020203958580968108,7.139978206179283e-05,0.023371515179132774,0.9995228635097131
46.9331428218075,0.236253803665529,1000.0,111.54557629519994,1.612631688517957,0.9935137329289399,964.579550285522,0.029963088016512863,9.652949994015714e-05,0.029836472402833374,0.9991215896830873
60.14916904452034,0.24221595864427406,1000.0,140.83415091285374,1.4285237754925408,0.9942484180774458,1164.5057319245795,0.04404425224815596,0.0001209458625474808,0.025353644939701114,0.9992547316456726
0.0,0.0,0.0,0.0,0.0,0.0,0.0,0.0,0.0,0.0,0.0
22.69473216900132,0.2458203603183327,1000.0,52.66891250586339,1.29700311296771,0.9942542743811862,564.4137903220912,0.011318556877811244,7.244052009168618e-05,0.07305271542664449,0.9972707691831295
70.00172599361153,0.23963881862707137,1000.0,164.95840409635795,1.5112370850876098,0.9953764487341097,1294.5872256459488,0.05254653143273538,0.00013702194801223816,0.019860025325859117,0.9995174006356519
53.32983903001052,0.239101172170275,1000.0,125.84073600806695,1.5277895786736488,0.9938667916053279,1062.5834440590663,0.03653586138392101,0.00010770951171430031,0.02750387840931946,0.9991846011580436
17.892138598745376,0.18933925129936025,1000.0,48.564381316335435,2.941570613790006,0.9920141472975812,452.9053636682757,0.006178746323884824,5.0382727184138276e-05,0.052749970637026196,0.9989418038353277
61.24615862547016,0.22543238818150813,1000.0,149.7162938036258,1.9132485928614835,0.9957954964125272,1150.6603540808983,0.041799104892576384,0.00011398031092371894,0.021544346900318822,0.999480990624705
67.60695350178564,0.24487136145821972,1000.0,157.2637287744011,1.3343461239469498,0.9944827931473137,1272.3087746987046,0.05209823879316475,0.0001361593063773573,0.021544346900318822,0.9994286596318239
61.04789015488957,0.24812896704160853,1000.0,140.8848125752598,1.1894075688160386,0.992858233281609,1186.7197922128278,0.04632273040944544,0.00012588800410075492,0.1291549665014884,0.980260760659757
27.15766055374484,0.1538415978066121,1000.0,83.49261945712647,4.265768129874439,0.9918665480866163,589.2295180364529,0.007966942147435225,4.484714621576398e-05,0.03511191734215131,0.9993406607640011
14.730574422504194,0.22563225911553905,1000.0,35.989761409663146,1.9078364194256845,0.9956702144382458,399.8062870723762,0.0057154641788276506,6.134200777602154e-05,0.08596930867190788,0.9977903423041157
7.271074735083992,0.18279440388775442,1000.0,20.15676678014007,3.153521143424352,0.9964574211162239,226.69169253639035,0.0016441417768925464,4.8929402864862854e-05,0.1519911082952933,0.9972922890370232
0.0,0.0,0.0,0.0,0.0,0.0,0.0,0.0,0.0,0.0,0.0
43.128723826004375,0.16218173191810628,1000.0,128.45926928356653,3.9101798499384515,0.9924157152789163,814.3503970059628,0.016711725729075932,6.231518109724125e-05,0.023371515179132774,0.9995583489510741
71.21110814521923,0.22925722507999144,1000.0,172.32723714826193,1.8091743755598255,0.9966313398481306,1288.2837737675216,0.051392633340885896,0.0001331270003988788,0.01830738280295368,0.9996012355830642
21.510581922568917,0.23631290556053836,1000.0,51.11633355481711,1.6109105418172656,0.9947941291637963,538.2664138868073,0.010081556365982205,6.82332798470703e-05,0.06734150657750822,0.9978541949904743
16.35127985102432,0.24275592556269598,1000.0,38.23400985294662,1.410289789047641,0.9957806570898424,437.3987717708393,0.007127061902929305,6.770479201151583e-05,0.093260334688322,0.9970174064530518
41.09760059264422,0.21085520487098144,1000.0,104.57451802278688,2.3096192085411795,0.992183484448002,848.8782113388045,0.021693180218771462,7.809339372752985e-05,0.02750387840931946,0.9993434534223481
19.27352727717674,0.1675189142032798,1000.0,56.301879528987676,3.6991422358587376,0.9915529756969776,469.6089756368905,0.005788966134143161,4.4122643965908534e-05,0.04862601580065353,0.9990608352009557
53.32760416303519,0.1743400522751177,1000.0,152.094591073237,3.4456997910937037,0.9927660818945,957.5927293177389,0.025442892728268822,7.92666041539821e-05,0.019860025325859117,0.9996235620369021
84.74694812307494,0.24633207271431914,1000.0,196.43166181814715,1.2756412075355155,0.9957184852170938,1501.3932115874895,0.06291109013138674,0.00016803793702125733,0.01830738280295368,0.9995604307570989
20.281041280580517,0.24832072776006608,1000.0,46.78239651654141,1.1785492061747154,0.9944949465678348,518.4597839953208,0.009824541719377824,7.161341384888914e-05,0.0792482898353917,0.9971569539750665
16.829724763420188,0.0872286420386592,1000.0,72.72463439150992,9.357255415558493,0.9970640814166625,384.51465706712116,0.0012621190778874707,1.978591359463799e-05,0.10974987654930557,0.9978418024701493
33.71203614061616,0.1858849988979757,1000.0,92.52058666440035,3.052018216376313,0.9900544184705038,714.427828735473,0.01402212022775107,6.0926494571240555e-05,0.029836472402833374,0.9993623851989528
31.60852970656996,0.24541393587469662,1000.0,73.42851790941519,1.313318040588364,0.9928381784017278,725.9513249824355,0.017823123949664232,8.067597185585429e-05,0.052749970637026196,0.9979828372637716
4.52434451804461,0.24966924289189643,1000.0,10.402474058377694,1.0754928516563755,0.998918465481527,158.19214888220966,0.0009844722461708698,8.389902681531317e-05,0.2477076355991709,0.9984502735536477
57.09280275448335,0.2168358434774486,1000.0,142.85739264204457,2.145745074995293,0.9945008540300337,1080.6358854125026,0.03605929225816701,0.00010277743817640709,0.021544346900318822,0.9995018423128247
30.518557254413455,0.14536310837423463,1000.0,97.07144131859617,4.664960460130895,0.9937081541845196,629.6206291532746,0.008542671955876472,4.475605428513942e-05,0.03236689285040602,0.9994021049312778
49.09281849866353,0.22535683292060021,1000.0,120.03158142617849,1.9152939993265032,0.9934044022445992,982.8616791190466,0.03022343423426249,9.466523614123497e-05,0.025353644939701114,0.9993572078946716
18.97247205388693,0.2450699956194305,1000.0,44.111297863168566,1.3267392994370546,0.9950244986593109,491.47707655310177,0.008837785035219634,6.968041848918853e-05,0.0792482898353917,0.9973954561959086
43.10364766328728,0.19503758839153104,1000.0,114.93254751076724,2.7656363659496717,0.9910900590932072,859.1051681963949,0.02110032802659278,7.42775539436777e-05,0.023371515179132774,0.9995179200848164
36.46056372454092,0.24605385644606934,1000.0,84.56784685914513,1.287378648924254,0.9926523792981709,808.6078001589925,0.02186647123428595,8.661641781903711e-05,0.044824468792893084,0.998336994024224
13.670753201947338,0.22914489440812236,1000.0,33.09225269459033,1.8122510457109884,0.9961349199284817,378.00893173116435,0.00522630722865083,6.237675435655959e-05,0.093260334688322,0.9976437193874051
24.386786668369414,0.0660216510640669,1000.0,124.5497185822507,13.07003549479531,0.9852590428820683,453.0639356211014,0.0007282057940938063,1.807455561944804e-05,0.1519911082952933,0.9961705004282493
99.26066866788565,0.24999981234603896,1000.0,228.04123633224646,1.0017342643106728,0.997269687111528,1690.9694681628148,0.06375811616646654,0.00019640417409808028,0.015556761439304723,0.9996787822509821
9.942813859706034,0.24859256732236665,1000.0,22.920095630097602,1.1622358685566512,0.9973277586324552,296.79789303329244,0.003628766178698491,7.024001293645897e-05,0.1401085525598016,0.9965855304036894
21.167466758034475,0.11945352778645138,1000.0,75.74422011352019,6.210437141430235,0.9976880977089413,473.2894612234932,0.003633496438579616,3.0696852574884984e-05,0.052749970637026196,0.9990617500301846
58.21033600480448,0.23291034318693543,1000.0,139.53618372207225,1.7080266403376219,0.994998577695008,1122.3696905347272,0.04022863947077408,0.00011264213180413089,0.023371515179132774,0.9993930394588919
30.169613657018417,0.1426955053725196,1000.0,97.03391909540159,4.799577537347681,0.994202926639992,622.1167267623274,0.008154944534025047,4.364557661140439e-05,0.03511191734215131,0.9993136835959615
19.066779189822864,0.17773747126100353,1000.0,53.75389502890189,3.3255758065552454,0.991353885353269,470.248361044563,0.006195098452144148,4.723847007262918e-05,0.04862601580065353,0.9990498238343914
5.688078211928648,0.16881118963086564,1000.0,16.539593104314456,3.6497895315016193,0.9970980295889061,186.10145739721546,0.0010225104277189906,4.6216680517136694e-05,0.1788649529057435,0.9973528725794607
40.7614321670905,0.24251618547767326,1000.0,95.36851001609438,1.4184325753505613,0.9934420139749054,875.4683765444266,0.025248069883479503,9.073839562780512e-05,0.03808974636954072,0.998698563583661
13.617448996292518,0.2459614049284369,1000.0,31.59188779701433,1.291212890568463,0.9963300640106046,379.8239041862458,0.005613402591912733,6.821888898703862e-05,0.10974987654930557,0.9967300168062797
50.914138767576425,0.2365936854120987,1000.0,120.902842726021,1.6027137605485504,0.9945524747455822,1023.7367094074216,0.033891511701575804,0.00010281507485545155,0.02750387840931946,0.9992162919594488
39.41811648311638,0.2499933636383516,1000.0,90.56049351137881,1.0103578205320973,0.9917693706640948,860.4743507644298,0.02489344741999707,9.20693919642755e-05,0.044824468792893084,0.9981956089339478
25.159550317142966,0.1289793802313788,1000.0,85.97866611795511,5.573765346587856,0.996193689607505,539.2726196924132,0.005308232472956892,3.5865676419303425e-05,0.044824468792893084,0.9991338762649616
32.58109138477485,0.22793316127814983,1000.0,79.11906014596012,1.845347770011105,0.9934964428136649,730.6648589972136,0.017148509469488572,7.510540494226983e-05,0.03808974636954072,0.9989527834564053
8.813569642483447,0.05764791545916845,1000.0,48.82943237683906,15.281241293641358,0.9891272285970015,235.27682713036356,0.00023036114071576033,1.025689248262195e-05,0.1401085525598016,0.9987569901160218
7.631542938272215,0.24248774744827242,1000.0,17.85658776011485,1.4193933830655765,0.9981608060976916,240.12960259560415,0.002325251235035555,7.068231533975795e-05,0.1648814192907418,0.9968927928226234
9.913619727100645,0.22981424747101356,1000.0,23.95554668320947,1.7938936764448206,0.9973292181624696,294.1330293014195,0.003286642684367215,6.344821058172631e-05,0.1291549665014884,0.9971225767679431
5.820379103338573,0.20195193213472587,1000.0,15.198560804102405,2.561237009926134,0.9979472793226419,191.45238312229404,0.0012106595906847511,5.873089204566315e-05,0.21049041445120198,0.9965104688345002
27.840258345704108,0.24862793151162918,1000.0,64.17166548390782,1.1600205559541261,0.9930717190094359,661.0891144407864,0.015169325974477725,7.79872539235839e-05,0.062076795936247604,0.9975192831777693
12.54820730055296,0.2412619790536165,1000.0,29.450207099960355,1.4598877300614364,0.9967822647828569,355.52228821215465,0.004888343511008747,6.659829628961566e-05,0.10974987654930557,0.9970944837940691
19.993878061618304,0.24570188133401813,1000.0,46.414315494920075,1.3018140340055693,0.9948041185752085,511.97052300969904,0.00952043407574471,7.051157966246496e-05,0.0792482898353917,0.9972258920120907
0.0,0.0,0.0,0.0,0.0,0.0,0.0,0.0,0.0,0.0,0.0
8.99271145229371,0.05307871224469783,1000.0,52.35262131213979,16.78035112659183,0.9906065270908565,236.10485947274182,0.00016156820772971836,9.245513304479166e-06,0.1788649529057435,0.9982139470123814
43.24677087911312,0.24819200983423556,1000.0,99.78861796265986,1.1858901419600152,0.9922721136397961,920.3710268781181,0.028230676032925155,9.661993777196774e-05,0.03808974636954072,0.998607388718906
23.338885577013553,0.10851415550829224,1000.0,88.46842138004453,7.0740253410902945,0.9987194961231087,495.2979090682445,0.0033407570453952663,2.880752256689887e-05,0.062076795936247604,0.9987177231672733
12.969223714156001,0.14481803084357492,1000.0,41.34475274010035,4.692092987838483,0.9944139935568418,344.6756684118276,0.0028073105138636772,3.478964723591169e-05,0.06734150657750822,0.9989237079394439
0.0,0.0,0.0,0.0,0.0,0.0,0.0,0.0,0.0,0.0,0.0
22.42956648443819,0.2410296180623849,1000.0,52.67185724397773,1.4673818307109143,0.9945780162904266,557.5447647258865,0.010900656810403989,7.054417568849672e-05,0.06734150657750822,0.9977345329980208
49.78155473006902,0.21623061254728793,1000.0,124.772290815813,2.1622002131935,0.9933229037301206,980.1455456774919,0.029439840936309532,9.162764514820262e-05,0.023371515179132774,0.9994559487429355
50.45509802420996,0.19451028920791294,1000.0,134.7533300958987,2.7816125005177468,0.9915972089916701,957.0068907766428,0.02644342291974068,8.32687877483705e-05,0.021544346900318822,0.9995468633062212
31.665554527667737,0.1264588056356763,1000.0,109.5008908385722,5.733293652438406,0.9970475452394318,623.408835254739,0.00708652156813629,3.9824581040004105e-05,0.03808974636954072,0.999242938663656
79.41031605663899,0.23644260617373822,1000.0,188.64334206789889,1.6071283518468549,0.997472254238349,1408.4032596367456,0.059502563836689504,0.00015288520327531852,0.01830738280295368,0.9995853995678324
15.220974159616993,0.2089744939122174,1000.0,38.93915110049433,2.3618817644340173,0.99423008308586,406.1985783796605,0.005548526491614414,5.583771772392508e-05,0.07305271542664449,0.9983197558669433
97.89440186473765,0.24925083866782402,1000.0,225.3076201157599,1.115823619697578,0.9972388217687242,1672.237434114742,0.06376341008470326,0.00019317488911423897,0.015556761439304723,0.999679536237605
45.19065421729535,0.1942200989712445,1000.0,120.80144407529846,2.790429998867936,0.9908810398920764,886.7093419910426,0.02245439680382245,7.643332455777304e-05,0.023371515179132774,0.9995021358982279
3.532288790139878,0.24813471945332663,1000.0,8.151615409256362,1.189088632921686,0.9992183864535226,129.45996529525615,0.0005896649819129521,9.037935350032622e-05,0.31622776601683794,0.9996271787000091
19.995827456724697,0.2473775617799,1000.0,46.229925947855136,1.2282123865613972,0.9947762794762874,512.5180230342813,0.009595949560444201,7.111287268640027e-05,0.0792482898353917,0.9972158616370231
45.944928202660726,0.2065154836107746,1000.0,118.37663923293795,2.4308779242051544,0.9917114876650825,913.4461641181618,0.024774688266610823,8.228537096543834e-05,0.023371515179132774,0.9994877381622697
10.168754651375496,0.13779937331756087,1000.0,33.39792025776348,5.059270081109257,0.9953496536750156,286.25965268223746,0.001914180299649485,3.241893885400502e-05,0.08596930867190788,0.9987079722791106
0.0,0.0,0.0,0.0,0.0,0.0,0.0,0.0,0.0,0.0,0.0
35.378705096227414,0.12925978076616024,1000.0,120.7435343461946,5.556385353283142,0.9968715834030487,672.3651442647267,0.008737968261899362,4.382028527385172e-05,0.03236689285040602,0.9993877514764492
12.431736192370511,0.24618870495345116,1000.0,28.825105888337887,1.2817281039901,0.9966921477625635,353.6625787394074,0.004944803529061073,6.834979871082928e-05,0.11905772393787833,0.9966072038890335
14.058921567501958,0.11753231989256106,1000.0,50.79928773161037,6.350838456686101,0.997419305350786,355.8759626402956,0.002145284263392768,2.7027614376225035e-05,0.07305271542664449,0.9988300558910533
51.90920357389965,0.2250220505098486,1000.0,127.03088360260021,1.9243540190847201,0.9945894856005081,1022.2527125302487,0.032878260742376764,9.883619679329477e-05,0.023371515179132774,0.9994381805267757
55.295799102327564,0.18374978516333224,1000.0,152.81149853359116,3.1218615313576565,0.9932016861785273,998.7012294708874,0.028574760355924704,8.56842868185435e-05,0.01830738280295368,0.9996659796073675
0.0,0.0,0.0,0.0,0.0,0.0,0.0,0.0,0.0,0.0,0.0
0.0,0.0,0.0,0.0,0.0,0.0,0.0,0.0,0.0,0.0,0.0
28.674596511785733,0.24728399654224262,1000.0,66.31010397563084,1.2327174333054445,0.9932600919086028,675.3641651573856,0.015708511709438218,7.832485780343499e-05,0.057223676593502144,0.9978383151961943
18.008843602944427,0.24302326570910682,1000.0,42.082071987187724,1.4011151608158159,0.9953827100240796,471.5006551876613,0.008153603465877516,6.846798266331237e-05,0.08596930867190788,0.9971394426009117
24.68520337319866,0.2484882712340645,1000.0,56.91846414146305,1.168637391471441,0.9935850356035895,603.0621236210308,0.012850240286031711,7.501904782902791e-05,0.06734150657750822,0.9974317229794021
0.0,0.0,0.0,0.0,0.0,0.0,0.0,0.0,0.0,0.0,0.0
89.13018297708811,0.24975087464309584,1000.0,204.88991741627174,1.0651927892578557,0.9957032993122822,1565.1750322428263,0.06627018110932714,0.00017971107239742208,0.01687612475788147,0.9996194877567026
7.206668808717145,0.07089904132336365,1000.0,35.265524406974954,12.02137793125066,0.9923036833805754,208.80278627740626,0.0004259873537812977,1.338743048984325e-05,0.0792482898353917,0.9994923081411166
58.60765004052202,0.21913336428495414,1000.0,145.7233693466899,2.083460309630099,0.9943628970712994,1104.8597355868726,0.037722570286590804,0.00010611402469632664,0.019860025325859117,0.9995689782546275
0.0,0.0,0.0,0.0,0.0,0.0,0.0,0.0,0.0,0.0,0.0
56.25329711624952,0.23018472134224663,1000.0,135.80072426677467,1.7837067070974233,0.9942276953606575,1091.1291499096274,0.0376210905911119,0.0001078410913675296,0.023371515179132774,0.9994041900033942
51.441938706710935,0.24286852781464163,1000.0,120.25262999799979,1.4064379586542946,0.9937746989441114,1039.734162000763,0.03543907043979881,0.00010664649297984543,0.029836472402833374,0.9990543030221568
26.323715607865243,0.11496072704123111,1000.0,96.38678380559621,6.545854341610719,0.9984036559019139,541.7799154107965,0.004480682515175874,3.25180486740412e-05,0.04862601580065353,0.9990557229697701
12.479770508537015,0.22376542877585015,1000.0,30.642966415157066,1.9583251525810437,0.9962412509846883,351.25982844615396,0.0044879918223066405,6.050877750603933e-05,0.10116970998767491,0.9975389021978447
9.25228378059069,0.16675442643695487,1000.0,27.102073713827373,3.728648630333277,0.9949812059792019,271.2310381527319,0.0021585290301894882,4.1917389942501613e-05,0.10116970998767491,0.9983040771390822
51.86141438265481,0.17811814835514886,1000.0,146.02239046171258,3.312350636593091,0.9931423362895357,946.9869837912798,0.025016016128081416,7.882544513353891e-05,0.019860025325859117,0.9996251745847735
64.62414798497561,0.2376488140542889,1000.0,153.05003720774724,1.5715924229639848,0.9953326841560519,1218.4034668900651,0.04743490573585543,0.0001263220845576101,0.021544346900318822,0.9994529184899194
57.10217583012401,0.23329740622400674,1000.0,136.7435060215274,1.6971517825620224,0.9944012236631433,1107.785462984889,0.03906876446931368,0.00011084478196390827,0.023371515179132774,0.999396337004445
27.724647823372845,0.15833541589511704,1000.0,83.77591846782836,4.070006552951986,0.9914082423748614,601.3288409611348,0.008564493157900921,4.669134510814876e-05,0.03511191734215131,0.9993152779371703
0.0,0.0,0.0,0.0,0.0,0.0,0.0,0.0,0.0,0.0,0.0
41.82621028459707,0.21434742603962603,1000.0,105.38469742631034,2.21356269438475,0.9923096608704813,863.5014847462369,0.022671786175610713,8.03431975109259e-05,0.02750387840931946,0.9993319948953268
23.886062011335266,0.15876230206456868,1000.0,72.06030946919526,4.0519284219320495,0.9915184769341846,542.3482896611295,0.007058943863297896,4.4119237600276526e-05,0.03808974636954072,0.9993008342896718
56.02541772011571,0.22619801893195937,1000.0,136.6758630866024,1.8925050265228889,0.9943211710679225,1081.6464085833297,0.03671324930497802,0.00010554031036027384,0.023371515179132774,0.9994100958733322
33.38425789114827,0.20338901367768797,1000.0,86.80509814910202,2.51983503721471,0.9907265972213626,724.7502837913545,0.015508206059077224,6.680636306717692e-05,0.03236689285040602,0.9992373623755368
26.240746241306923,0.20605930697735655,1000.0,67.698779720854,2.443767548837777,0.9915371714738984,609.9212313333181,0.011365598722041945,6.132085953320319e-05,0.04132012400115335,0.9990092532411646
44.29801757911669,0.21727345746837198,1000.0,110.70832651451347,2.133860879810279,0.9927438150656223,903.1846451843963,0.02501266776648952,8.465629337593911e-05,0.025353644939701114,0.9994064512353887
3.345775190274029,0.22231228254763383,1000.0,8.24743082874909,1.9975683696137598,0.9993831915504764,123.40233604322088,0.00039877993381653943,7.954293480637341e-05,0.31622776601683794,0.9996296029721312
74.8645201336547,0.24541882194009673,1000.0,173.91271095949222,1.3131249507678826,0.9956381571444121,1370.3175274084037,0.059144901243678244,0.0001508052705285053,0.019860025325859117,0.9995000175177987
15.384333283842896,0.23756944410362382,1000.0,36.44217849164566,1.5739522402435813,0.9959873398152951,416.0586434520386,0.006396389130273378,6.559753545467054e-05,0.093260334688322,0.9972536876409631
43.66138434750709,0.22457960212295416,1000.0,106.97328108228261,1.93632079343173,0.9937091355563429,902.034690669904,0.02551801935824144,8.696937652297575e-05,0.02750387840931946,0.9993058874295571
48.0311955220771,0.19822540645919717,1000.0,126.83169788959444,2.670267726516237,0.9915414078397833,930.6208775259504,0.025166562095796596,8.160653378652311e-05,0.021544346900318822,0.9995572812951985
6.501256372086424,0.10467053419007108,1000.0,25.182719500212126,7.418998015551034,0.9956177771939343,199.93900386273063,0.0007882819439283275,2.313545695874393e-05,0.08596930867190788,0.9992930138176862
10.99672153936033,0.23555999330278415,1000.0,26.181969218964092,1.6327330471419859,0.9971361852194481,319.8053047978281,0.003934777911597336,6.494683991220767e-05,0.11905772393787833,0.9971647522128921
5.603269829330443,0.11998269135358208,1000.0,19.99725464991807,6.172527302170052,0.9958632938341386,180.21751733438003,0.0007778141098586805,2.8764034721938674e-05,0.10974987654930557,0.9989768029125355
42.14981249040213,0.2346117507585975,1000.0,100.5971763450366,1.6599238113671588,0.9934719560263251,889.768063838617,0.025470750099702358,8.91784006715017e-05,0.001873817422860383,0.999996809021207
61.54650884174374,0.23809944684524953,1000.0,145.59564717688588,1.5581313378414035,0.9948084111293076,1177.205457803717,0.04447117528129174,0.00012105207980011403,0.023371515179132774,0.9993677142191847
20.95735730332442,0.19920586180040414,1000.0,55.17663988262528,2.6413363677845876,0.9917782881741551,513.4368608089065,0.008094057672698541,5.525205661775118e-05,0.04862601580065353,0.9989201723702149
47.74240664987326,0.1812708807794129,1000.0,133.01710165018275,3.2045494988362067,0.9919492188123941,901.3190408430448,0.022454602704015725,7.467281045639524e-05,0.021544346900318822,0.9995747069528783
24.89018684184136,0.07128650132957785,1000.0,121.40142274591454,11.944178439685595,0.9781843053784568,467.34799338287235,0.00102104752979093,1.9687977491988637e-05,0.1291549665014884,0.9967867871042114
33.78450225229067,0.23389311770902482,1000.0,80.78059711973043,1.6803392022524097,0.9933883184869482,755.0205434800636,0.01855141838466755,7.86553088561321e-05,0.002032735201671712,0.9999968858518615
6.814003380459493,0.2035142821933204,1000.0,17.711094862948308,2.5162420063604247,0.9974891024988948,216.97144379797447,0.001613460023081258,5.725040004566867e-05,0.1788649529057435,0.996749157374671
20.9672780626153,0.154900280104712,1000.0,64.19640864052826,4.218727972631858,0.9921384618164775,492.48631869197254,0.0057372772967509795,4.113041341753985e-05,0.044824468792893084,0.9991639844121121
21.211330657668512,0.24785746581923815,1000.0,48.98315010045329,1.2040389812839454,0.994372202649422,536.5476568177272,0.010420508114164041,7.207779326381868e-05,0.0792482898353917,0.9970108573618688
64.04040008194518,0.24407258309787444,1000.0,149.25972528855192,1.3640087392609788,0.994253532845186,1221.9064378826429,0.04838447237569446,0.0001290126946759323,0.023371515179132774,0.9993438072664823
26.403619308669736,0.11421746959049209,1000.0,97.05634708862699,6.603800143979876,0.9984360652178355,542.0405230927119,0.004438520806357257,3.235428037237225e-05,0.04862601580065353,0.999059755336514
12.49248305600148,0.04435068679045605,1000.0,81.00439064474695,20.498781766460517,0.9970933180996424,283.6958446424083,2.1792446544573532e-05,8.117799416628948e-06,0.31622776601683794,0.9957592807117472
0.0,0.0,0.0,0.0,0.0,0.0,0.0,0.0,0.0,0.0,0.0
9.475258549355033,0.1494797408845114,1000.0,29.63750685879634,4.465953419039696,0.9950846421408891,273.54152751354263,0.001952967703834546,3.619724002827276e-05,0.093260334688322,0.9985517657576356
6.064478580853368,0.2415646287536535,1000.0,14.222418731600154,1.4500452744667718,0.998625450813519,199.84520481469144,0.0015693607239996017,7.393208303114093e-05,0.19403442495579137,0.9970644419084173
24.580190826616946,0.13509845745667015,1000.0,81.69491325944509,5.210073129373566,0.9952594448772826,535.9886203151015,0.005605394682157192,3.732180253311297e-05,0.04132012400115335,0.9992493813972728
56.358920510123056,0.19886696885422506,1000.0,148.53372531924907,2.6513159730996274,0.9938152219596715,1039.6557772708231,0.032148112818245644,9.354842558355892e-05,0.019860025325859117,0.9995907133047585
0.0,0.0,0.0,0.0,0.0,0.0,0.0,0.0,0.0,0.0,0.0
14.015360707698523,0.24917884488895145,1000.0,32.26246738790608,1.1215918405032195,0.9960631453357978,389.0487120939559,0.005940577973603867,6.938614428670473e-05,0.10974987654930557,0.9965761289560892
8.61822692514398,0.037660874006228084,1000.0,61.64298892536373,24.511959635060368,0.9920356848886339,219.37404171362144,-1.3947869213699112e-05,5.928915191268838e-06,0.31622776601683794,0.9964044458734593
3.1008461947871004,0.11334697423882104,1000.0,11.45075879504683,6.672600933620681,0.997216833664397,113.27534055106666,0.0003845259471287109,3.146259840764465e-05,0.1401085525598016,0.9990676604559361
18.828714591027193,0.24308327336895078,1000.0,43.99138414263594,1.3990414975527967,0.9951742852274489,488.02703220623073,0.008666611897853959,6.89106502621466e-05,0.0792482898353917,0.9974310519487701
67.49151450279878,0.21134119083394592,1000.0,171.49785150977004,2.2961791911912535,0.99515057330221,1203.0276262358511,0.04375388082711326,0.00011638665942732535,0.01687612475788147,0.9996756195100808
82.5929825437994,0.24834622031484532,1000.0,190.5059816592956,1.1770683259546912,0.9961072830020591,1477.2649702575181,0.0660013160348486,0.00016857650857973164,0.01830738280295368,0.9995621993608925
15.919174976335897,0.21900962283634906,1000.0,39.59520884279033,2.0868088384492123,0.9949425618721089,422.86826614283797,0.006187110736441783,5.942180958823104e-05,0.0074771720473132235,0.999928002312833
68.53981672890156,0.23772719348175445,1000.0,162.29144266109452,1.5692588660069702,0.996313051817067,1270.6642795670996,0.05158897566519466,0.00013389852812683068,0.021544346900318822,0.9994438710923282
33.34496629064285,0.249504802155366,1000.0,76.6978054066052,1.0931582748431328,0.9923607696682781,758.4485272384696,0.019584846832810518,8.425635904970094e-05,0.052749970637026196,0.9978533192933855
33.47467462071287,0.24355649259090745,1000.0,78.11897522995949,1.3824922693116617,0.9932734775018814,756.647154912778,0.01916584788701063,8.207698555698935e-05,0.04862601580065353,0.998205062486348
78.45733627014337,0.24937111284146335,1000.0,180.52022791025695,1.1056072480976815,0.9954233627480648,1425.6925246654664,0.06411010496045641,0.00016147633748359508,0.019860025325859117,0.9994868042819219
85.4019581301154,0.24130319260604413,1000.0,200.4148913941682,1.4585529449015115,0.9970827424318129,1496.4228993302795,0.06181055103983907,0.00016554993959220512,0.01687612475788147,0.9996361789485116
30.565374813339226,0.19017927093852297,1000.0,82.74310590670245,2.9151625809900006,0.9898130411282529,670.0458936058386,0.01263309728303791,5.951621335106033e-05,0.03236689285040602,0.9993064668636022
10.35545735026222,0.2091356154687423,1000.0,26.47966491524376,2.3573880270509076,0.9961253451615691,301.8265960717008,0.0032127473449372946,5.592075852327193e-05,0.10974987654930557,0.9977198841084856
61.39446548413493,0.21320167847949226,1000.0,155.18682609727662,2.244950466511319,0.9951951292511622,1130.1230456318222,0.039318397237717906,0.00010790719204918738,0.10116970998767491,0.9888012170770628
99.62894296490423,0.24990300734788676,1000.0,228.94050323555828,1.0401854710477567,0.9968670927638356,1696.1393173381884,0.060768922021736616,0.00019396471402634383,0.015556761439304723,0.9996771882225624
38.12644225089712,0.23674103778132996,1000.0,90.50282859795314,1.5983985408983838,0.9937211016738602,828.1606791208355,0.022325080890147248,8.493064744141138e-05,0.03808974636954072,0.9987838480960531
48.65881329131158,0.24959241754660214,1000.0,111.89809176259017,1.084152541674365,0.991895629910734,1006.0785285989045,0.03372793774780426,0.00010542465674075549,0.03511191734215131,0.998701728055506
56.25478179496913,0.2479131766661383,1000.0,129.8911848180923,1.201100275666927,0.9932245484979743,1117.1128140606702,0.041407786545188466,0.00011734499311474244,0.029836472402833374,0.998984954345109
18.06622666057508,0.09568170455221738,1000.0,73.85333515639371,8.331289384978437,0.998455017235066,409.3117787013063,0.0017709094205633543,2.255136291141469e-05,0.08596930867190788,0.9983769974918592
16.858301584154006,0.12917228797986155,1000.0,57.55886314641248,5.561800685723382,0.9958875971160766,410.0248744025277,0.003193830389864494,3.140049998352782e-05,0.057223676593502144,0.9990531159802654
47.258099465332116,0.22435395109297732,1000.0,115.85533001986097,1.9424212721193557,0.9934616646284768,954.9481374785006,0.02850330111908956,9.166674376034975e-05,0.025353644939701114,0.9993747661621195
21.64838822827526,0.07440235551439273,1000.0,102.91378629331176,11.352347178628305,0.9859441520588527,435.97412285658066,0.0009831306339933344,1.8694643804518934e-05,0.1519911082952933,0.995875462839139
63.52440699054611,0.23221308777054098,1000.0,152.54873249769733,1.7275275016112015,0.9959066021612444,1193.4202475637424,0.045367977702359244,0.00012149204169381975,0.021544346900318822,0.999465824269379
21.717651085880135,0.24979708851866766,1000.0,49.918373727938686,1.0586496950919357,0.9940772399314702,547.0498262880653,0.010858195035075357,7.313143214209101e-05,0.0792482898353917,0.9969102054418671
10.522527223070906,0.18834735540579467,1000.0,28.651300656552504,2.972975910467854,0.9948687403061616,302.66892180255695,0.0029667249337573206,4.8752413281990394e-05,0.10116970998767491,0.9979817103900968
5.87330335450546,0.2490103650245928,1000.0,13.525457922791444,1.1342824995910188,0.9985556684448217,195.1167296965157,0.001570088287209932,7.760729150011526e-05,0.19403442495579137,0.997199548189872
14.096322338791511,0.03223625309259963,1000.0,110.68762985528996,28.986476113473287,0.9839355607418623,285.0053863671684,-8.85416756145731e-06,6.105113457865565e-06,0.31622776601683794,0.9961124000807153
16.1645382502353,0.21643351413770948,1000.0,40.49194112061902,2.156681119408007,0.9946913088375533,427.20447115013917,0.006245388741117731,5.8636074966720805e-05,0.07305271542664449,0.9981992676680007
22.147880842829363,0.21557295401291948,1000.0,55.61290923093895,2.1801079584324023,0.9932839682106945,542.0766871852054,0.00952623360312371,6.151990061077583e-05,0.052749970637026196,0.9986470904260251
3.1078419824028063,0.24708178139431677,1000.0,7.190423908313783,1.24225572445235,0.9993449528364414,116.66716925283565,0.00044037204887850743,9.414152902653383e-05,0.31622776601683794,0.9997122912819874
51.725418983078676,0.242405418026258,1000.0,121.05385483631424,1.4221690406080096,0.993900337219028,1043.310391353402,0.03564925445008629,0.00010688346581040885,0.029836472402833374,0.9990527617742543
9.265920578342358,0.030478015703698277,1000.0,75.24827703177597,30.77804427455176,0.9892768173207466,222.30210964263412,-5.741497320521779e-05,4.664469400390324e-06,0.31622776601683794,0.9969245200886779
61.864699003738544,0.24164158311138756,1000.0,145.05740398146983,1.447527326888488,0.9949617443079161,1187.2722996197901,0.04586252395979258,0.0001238639732949117,0.023371515179132774,0.9993619992587203
43.70193752401935,0.23861422963478474,1000.0,103.24829494869057,1.5426150245591166,0.9938184298487964,917.7803896479278,0.027399979436488562,9.30716187695792e-05,0.03236689285040602,0.9990172834975132
27.59503026448297,0.12575852943800805,1000.0,95.74330269694134,5.778697551921983,0.9969401727620705,569.9156596092324,0.005744237357298799,3.655741721992818e-05,0.04132012400115335,0.9992166147387637
3.1807640333740252,0.10110902332184309,1000.0,12.57932978087006,7.761472580212215,0.994728432694231,115.03401350260697,0.0004124757386788048,2.6331814640426506e-05,0.10116970998767491,0.9994254072528679
69.7464550764833,0.24617657320568348,1000.0,161.72386278056882,1.282239358302686,0.9942814471582546,1303.9329788425584,0.05438861113944418,0.00014098386023980397,0.021544346900318822,0.9994185349890644
42.982179551901346,0.2499850039767519,1000.0,98.75067201524735,1.015610784247563,0.9915944938955501,917.9569122316569,0.02820026572372388,9.701447730646284e-05,0.001873817422860383,0.9999966105961234
39.23704424075842,0.1253939504389796,1000.0,136.37360884354226,5.802527696886906,0.9977299364763556,710.3314967971087,0.009830033839186458,4.625964806310826e-05,0.03236689285040602,0.9993571028145045
56.47371978103279,0.24449699817521536,1000.0,131.48683622453942,1.3484223720299136,0.9933205034933166,1115.7448592917035,0.04073047835823127,0.00011571997503033561,0.02750387840931946,0.9991426809621946
67.04091326298689,0.24720886423024413,1000.0,155.06061361256909,1.2362919810487387,0.9946367281742003,1268.2796810776927,0.05277031566028627,0.00013705761861290583,0.023371515179132774,0.9993272799269617
22.799361580960863,0.1538127685430297,1000.0,70.10149059737871,4.267057290879078,0.9920920888777676,521.8148530904541,0.006322674808066336,4.1886566407866374e-05,0.04132012400115335,0.9992299119790385
33.394719431161306,0.14455739925983552,1000.0,106.57457350088305,4.705133522925577,0.9940395845847269,667.3202800997076,0.009632986286794801,4.6882823509343734e-05,0.0022051307399030455,0.9999970120925324
31.24578806120161,0.17989189042688847,1000.0,87.45497726689686,3.2513276076936592,0.9899965296414414,672.1278841286254,0.012094883987744266,5.662061368962067e-05,0.029836472402833374,0.9994108033406872
45.929613776285905,0.16273729541689838,1000.0,136.52133831715582,3.8876479871642196,0.9927522205019675,849.3497885284654,0.018520828024778342,6.57086789931085e-05,0.021544346900318822,0.9996084129908421
6.731933855919022,0.24679537860121792,1000.0,15.586106031574243,1.255347643430607,0.9983638472945361,217.52444163234608,0.0019462861531279554,7.422759269859227e-05,0.1788649529057435,0.9970136023839006
4.196464166367046,0.130154050399788,1000.0,14.262935106889236,5.501432225180854,0.9973433967715245,144.60632290059954,0.0005550269330675231,3.480437665176779e-05,0.1648814192907418,0.9983883351487327
7.436891545642124,0.15647292120215756,1000.0,22.63226052745329,4.149913264232375,0.9958727444825871,228.16148300933693,0.001468400302494146,3.9488186189731336e-05,0.11905772393787833,0.9982546467305026
48.066252091580594,0.20605477467029,1000.0,124.00827045407686,2.443895760788438,0.9922011136391302,942.1979108456667,0.026405247299465077,8.489008675348005e-05,0.023371515179132774,0.9994733680433234
21.78204776455985,0.1335934792304938,1000.0,72.88321968215278,5.296594738403613,0.9954214252916264,492.63803799391934,0.004688622559929512,3.516682346622507e-05,0.04862601580065353,0.9990858350404977
17.46143512423081,0.07773731442957323,1000.0,80.85413120110559,10.7709932293479,0.9926796146143105,385.7443230461849,0.0009043305193288664,1.760429525031801e-05,0.1519911082952933,0.9964317011443918
33.83453530136618,0.23473984135382486,1000.0,80.7250145608577,1.6562683652879497,0.9934859666453562,756.457107345676,0.018667336862370258,7.904649232561199e-05,0.04132012400115335,0.998712699407663
22.232043032322554,0.20157185357845653,1000.0,58.11944263013201,2.5722445721430707,0.99166518779111,537.4929190881525,0.008875968203906754,5.6846705980962984e-05,0.044824468792893084,0.9990204179054653
22.377974801703143,0.2293027871185835,1000.0,54.147097339068566,1.8079260071693366,0.9942947524424178,551.9920046311053,0.010308698185145189,6.639671967553414e-05,0.057223676593502144,0.9983857272891886
0.0,0.0,0.0,0.0,0.0,0.0,0.0,0.0,0.0,0.0,0.0
3.945941679419375,0.0835736339483666,1000.0,17.494804358316816,9.864118675504828,0.9881264270697449,134.78677447124934,0.00045251938733927455,1.858160209428053e-05,0.06734150657750822,0.9996529911437765
27.77888689803678,0.24635962009502055,1000.0,64.38328387125839,1.2744618645279064,0.9934791428514703,658.810592334578,0.014970733879728162,7.709288580025239e-05,0.062076795936247604,0.9975457225321757
23.041703021105164,0.24472484356875054,1000.0,53.61764550972723,1.3398943229069842,0.9943129672674466,570.5869798583681,0.011498337524243882,7.232247873409797e-05,0.06734150657750822,0.9976468617987263
59.85669121426215,0.24627905345037143,1000.0,138.75742141789772,1.2779020546856092,0.9931825439000567,1166.921272436936,0.044602499530633555,0.00012263419609000786,0.025353644939701114,0.9992435471067478
7.575863538398969,0.14419491010277838,1000.0,24.21375729035051,4.723343097171314,0.9958479749666317,230.02586453459583,0.0013810369971882523,3.5238146463041914e-05,0.10974987654930557,0.9984971839688184
14.155467837189118,0.14810841063512625,1000.0,44.522177262727965,4.531114785352551,0.9938592157527547,368.55832419432505,0.0032458089060991083,3.60701528055624e-05,0.062076795936247604,0.9989774918282218
4.1865932972574695,0.21174236953506367,1000.0,10.626154168023875,2.2851034036102327,0.9989533154704852,147.54283275118343,0.0006428233403111385,6.890077824186577e-05,0.31622776601683794,0.9994546156673829
28.354886177172816,0.1265885203047598,1000.0,97.99215627136132,5.724936026006027,0.9970611036459662,580.9205248695821,0.006044791938087397,3.735259221378906e-05,0.04132012400115335,0.9991920276922391
0.0,0.0,0.0,0.0,0.0,0.0,0.0,0.0,0.0,0.0,0.0
46.77662027360474,0.1635372751222962,1000.0,138.63049866446192,3.855440121317014,0.9928449777185051,860.8162677354975,0.019182232882970343,6.699805936770513e-05,0.021544346900318822,0.9996028752157359
61.6600467442645,0.24911484451655597,1000.0,141.9593771249609,1.126535509090101,0.9926513430902413,1196.9476122653539,0.04724095038354233,0.00012761093745682284,0.025353644939701114,0.9992234464750447
49.16020796266929,0.17396754526932706,1000.0,140.3888996543294,3.4591066132410973,0.9926820130094989,907.0646434367804,0.022375067231764016,7.37289686719685e-05,0.021544346900318822,0.9995764677881869
70.42031410672162,0.24863922489918622,1000.0,162.31407156132778,1.1593080717085313,0.9945220705063331,1317.1255267167874,0.05657390600576159,0.00014460782538881087,0.023371515179132774,0.9993104505055059
17.512947786179033,0.2150163990762347,1000.0,44.0429400497025,2.195286679436964,0.9942135362223654,453.75336028124497,0.006920567446749384,5.8672561515683834e-05,0.06734150657750822,0.9983135269607746
4.130165079999579,0.20151599336469087,1000.0,10.798954184180365,2.5738644331523424,0.9987879843655147,145.63653314569538,0.0006009153041837993,6.468582124110689e-05,0.31622776601683794,0.9994927050661813
77.32489400562744,0.24380525072149498,1000.0,180.3405959943449,1.3736434217492846,0.9954166369623425,1399.8385923632063,0.05901940946674855,0.00015308358932536695,0.01830738280295368,0.9995718109844615
0.0,0.0,0.0,0.0,0.0,0.0,0.0,0.0,0.0,0.0,0.0
51.07857400408294,0.24985239534412826,1000.0,117.38933809091526,1.04980730701479,0.9914872767565724,1043.3082071884244,0.036190082236515285,0.00010939762371428356,0.03236689285040602,0.9988556728918793
33.09498129818658,0.22853907150489144,1000.0,80.23906601345215,1.8288182209628456,0.9934637601012072,739.630378625072,0.017575694920796435,7.587496840312562e-05,0.03808974636954072,0.9989366746516296
5.307458189794316,0.07953333036110698,1000.0,24.241365550550615,10.477906063193362,0.9888436511986788,168.3003314359616,0.0004826871013161806,1.620076372602183e-05,0.06734150657750822,0.9996275837748785
4.992962320072282,0.185171556797027,1000.0,13.734527457331318,3.0752171439158267,0.9979309532548052,168.74870351375705,0.000852788673509272,5.433863066742447e-05,0.22834203047182716,0.9977680892854732
21.96007968192666,0.07440693552682548,1000.0,104.39167369226169,11.351513401814685,0.9851879977517886,439.65810821126126,0.0010014664142128957,1.8857131110006453e-05,0.1519911082952933,0.9958145593068806
73.82649000331412,0.2266024096813481,1000.0,179.90925558965094,1.8815347102148077,0.9966267184945068,1315.6943687012822,0.05229124746270192,0.0001356484038784154,0.01687612475788147,0.9996592283981054
3.6212090527416425,0.23009076777620185,1000.0,8.744079176519428,1.7862920574696306,0.999341751633875,131.71656557562702,0.0005131537081581497,8.098875684264925e-05,0.31622776601683794,0.9995676490917251
73.51341650553283,0.24993964875332234,1000.0,168.91394840329266,1.031564855816434,0.994085710922394,1361.740622235045,0.05963043250636507,0.00015142365481189438,0.021544346900318822,0.9994004702382013
62.82140729130706,0.2498027696713804,1000.0,144.39405454505575,1.057798927707138,0.9923678360176192,1214.5877622232051,0.048593317154498654,0.00013014537055425714,0.025353644939701114,0.9992131720835021
25.838883063258365,0.2495633343274762,1000.0,59.4244634083476,1.0872318776635093,0.9931803766724203,624.9801410226197,0.01374498306689946,7.643053789978664e-05,0.06734150657750822,0.997291016304116
40.80332829976776,0.1705830796835513,1000.0,117.90548773056514,3.583163112667098,0.9913569909631147,796.5881173251654,0.016425351945997542,6.271977771740513e-05,0.025353644939701114,0.9994849117577254
13.75784754587785,0.206395725310941,1000.0,35.459293113585815,2.434258945447308,0.9945779968536322,375.40351724961903,0.004761634335353609,5.467461661117884e-05,0.0792482898353917,0.9982558541022954
7.649601633335992,0.22013424606741375,1000.0,18.968205789622168,2.056394555803042,0.9977629479008798,238.97327044247027,0.002096622541589691,6.217358000196691e-05,0.1648814192907418,0.9968029159747126
0.0,0.0,0.0,0.0,0.0,0.0,0.0,0.0,0.0,0.0,0.0
36.46267486644244,0.19580328241469244,1000.0,96.99660733023146,2.742541370111127,0.9907521413050137,764.7341739730172,0.01672679301276645,6.720223474465718e-05,0.02750387840931946,0.9994122394686614
